Campus,Year,Session,Subject,Course,Detail,Section,Title,Professor,Enrolled,Avg,Std dev,High,Low,<50,50-54,55-59,60-63,64-67,68-71,72-75,76-79,80-84,85-89,90-100
UBCV,2018,W,SWED,100,,001,Elementary Swedish I,Lena Karlstrom,26,77.461538462,14.108807942,95.0,31.0,1,1,0.0,1,1,3,1,5.0,2,6,5
UBCV,2018,W,SWED,100,,002,Elementary Swedish I,Lena Karlstrom,30,76.533333333,16.24114259,94.0,2.0,1,0,0.0,1,1,3,4,4.0,6,8,2
UBCV,2018,W,SWED,100,,OVERALL,Elementary Swedish I,,56,76.964285714,15.158513103,95.0,2.0,2,1,0.0,2,2,6,5,9.0,8,14,7
UBCV,2018,W,SWED,110,,001,Elementary Swedish II,Lena Karlstrom,19,78.789473684,10.496448856,91.0,53.0,0,1,0.0,0,2,3,0,2.0,3,5,3
UBCV,2018,W,SWED,110,,OVERALL,Elementary Swedish II,,19,78.789473684,10.496448856,91.0,53.0,0,1,0.0,0,2,3,0,2.0,3,5,3
UBCV,2018,W,SWED,200,,001,Intermediate Swedish I,Lena Karlstrom,11,79.0,11.304866209,92.0,61.0,0,0,0.0,2,0,0,3,0.0,1,2,3
UBCV,2018,W,SWED,200,,OVERALL,Intermediate Swedish I,,11,79.0,11.304866209,92.0,61.0,0,0,0.0,2,0,0,3,0.0,1,2,3
UBCV,2018,W,SWED,210,,001,Intermediate Swedish II,Lena Karlstrom,12,78.583333333,11.735403571,91.0,62.0,0,0,0.0,2,1,1,1,0.0,2,1,4
UBCV,2018,W,SWED,210,,OVERALL,Intermediate Swedish II,,12,78.583333333,11.735403571,91.0,62.0,0,0,0.0,2,1,1,1,0.0,2,1,4
