Campus,Year,Session,Subject,Course,Detail,Section,Title,Professor,Enrolled,Avg,Std dev,High,Low,<50,50-54,55-59,60-63,64-67,68-71,72-75,76-79,80-84,85-89,90-100
UBCV,2018,W,URST,200,,101,Cities,Elvin Wyly,92,76.934782609,8.939115609,93.0,44.0,1,1,0.0,5,3,8,20,17,20,10,7
UBCV,2018,W,URST,200,,OVERALL,Cities,,92,76.934782609,8.939115609,93.0,44.0,1,1,0.0,5,3,8,20,17,20,10,7
UBCV,2018,W,URST,400,,201,Seminar in Urban Studies,Elvin Wyly,40,82.35,9.037103008,92.0,30.0,1,0,0.0,0,0,0,0,2,26,8,3
UBCV,2018,W,URST,400,,OVERALL,Seminar in Urban Studies,,40,82.35,9.037103008,92.0,30.0,1,0,0.0,0,0,0,0,2,26,8,3
