Campus,Year,Session,Subject,Course,Detail,Section,Title,Professor,Enrolled,Avg,Std dev,High,Low,<50,50-54,55-59,60-63,64-67,68-71,72-75,76-79,80-84,85-89,90-100
UBCV,2016,S,BAMA,514,,815,Brand Management,Timothy Silk,32,83.8125,3.03142147,90.0,77.0,0,0,0,0,0,0,0,2,17,10,3
UBCV,2016,S,BAMA,514,,OVERALL,Brand Management,,32,83.8125,3.03142147,90.0,77.0,0,0,0,0,0,0,0,2,17,10,3
UBCV,2016,S,BAMA,515,,815,Services Management,Perdip Atwal,29,81.44827586,3.85066049,90.0,75.0,0,0,0,0,0,0,2,6,15,5,1
UBCV,2016,S,BAMA,515,,OVERALL,Services Management,,29,81.44827586,3.85066049,90.0,75.0,0,0,0,0,0,0,2,6,15,5,1
UBCV,2016,S,BAMA,550,,816,Marketing,Timothy Silk,34,81.79411765,4.38854854,91.0,75.0,0,0,0,0,0,0,1,10,14,7,2
UBCV,2016,S,BAMA,550,,OVERALL,Marketing,,34,81.79411765,4.38854854,91.0,75.0,0,0,0,0,0,0,1,10,14,7,2
