Campus,Year,Session,Subject,Course,Detail,Section,Title,Professor,Enrolled,Avg,Std dev,High,Low,<50,50-54,55-59,60-63,64-67,68-71,72-75,76-79,80-84,85-89,90-100
UBCV,2021,W,SWED,100,,001,Elementary Swedish I,Lena Karlstrom,21,77.571428571,10.244859338,92.0,57.0,0,0,2,2,0.0,0,1,4,7,3,2
UBCV,2021,W,SWED,100,,002,Elementary Swedish I,Lena Karlstrom,16,81.0625,8.496813128,92.0,57.0,0,0,1,0,0.0,0,1,4,3,5,2
UBCV,2021,W,SWED,100,,OVERALL,Elementary Swedish I,,37,79.081081081,9.563757915,92.0,57.0,0,0,3,2,0.0,0,2,8,10,8,4
UBCV,2021,W,SWED,110,,001,Elementary Swedish II,Lena Karlstrom,21,78.380952381,13.256983784,94.0,37.0,1,0,0,2,0.0,2,1,2,4,5,4
UBCV,2021,W,SWED,110,,OVERALL,Elementary Swedish II,,21,78.380952381,13.256983784,94.0,37.0,1,0,0,2,0.0,2,1,2,4,5,4
UBCV,2021,W,SWED,200,,001,Intermediate Swedish I,Lena Karlstrom,13,80.076923077,10.020491825,96.0,62.0,0,0,0,1,0.0,1,2,3,2,1,3
UBCV,2021,W,SWED,200,,OVERALL,Intermediate Swedish I,,13,80.076923077,10.020491825,96.0,62.0,0,0,0,1,0.0,1,2,3,2,1,3
UBCV,2021,W,SWED,210,,001,Intermediate Swedish II,Lena Karlstrom,14,76.357142857,17.631297098,94.0,22.0,1,0,0,0,1.0,0,1,6,0,2,3
UBCV,2021,W,SWED,210,,OVERALL,Intermediate Swedish II,,14,76.357142857,17.631297098,94.0,22.0,1,0,0,0,1.0,0,1,6,0,2,3
