Campus,Year,Session,Subject,Course,Detail,Section,Title,Professor,Enrolled,Avg,Std dev,High,Low,<50,50-54,55-59,60-63,64-67,68-71,72-75,76-79,80-84,85-89,90-100
UBCV,2018,S,ITAL,101,,921,First-Year Italian I,Elena Zampieri,28,81.428571429,12.473463897,98.0,52.0,0,1,3,0,0,0,3.0,2,5,6,8
UBCV,2018,S,ITAL,101,,OVERALL,First-Year Italian I,,28,81.428571429,12.473463897,98.0,52.0,0,1,3,0,0,0,3.0,2,5,6,8
UBCV,2018,S,ITAL,102,,922,First-Year Italian II,Elena Zampieri,11,77.454545455,12.160293059,100.0,60.0,0,0,0,1,2,1,1.0,0,4,0,2
UBCV,2018,S,ITAL,102,,OVERALL,First-Year Italian II,,11,77.454545455,12.160293059,100.0,60.0,0,0,0,1,2,1,1.0,0,4,0,2
UBCV,2018,S,ITAL,104,,921,Italian for Singers,Luisa Canuto,14,83.285714286,8.407218249,95.0,67.0,0,0,0,0,1,1,0.0,2,2,5,3
UBCV,2018,S,ITAL,104,,OVERALL,Italian for Singers,,14,83.285714286,8.407218249,95.0,67.0,0,0,0,0,1,1,0.0,2,2,5,3
