Campus,Year,Session,Subject,Course,Detail,Section,Title,Professor,Enrolled,Avg,Std dev,High,Low,<50,50-54,55-59,60-63,64-67,68-71,72-75,76-79,80-84,85-89,90-100
UBCV,2018,S,ENDS,482,G,001,Special Topics,Patrick Mooney,12,80.166666667,9.271984522,92.0,62.0,0,0,0,1,0,1.0,3,0,2,3,2
UBCV,2018,S,ENDS,482,G,OVERALL,Special Topics,,12,80.166666667,9.271984522,92.0,62.0,0,0,0,1,0,1.0,3,0,2,3,2
UBCV,2018,S,ENDS,482,H,001,Special Topics,Roy Cloutier,9,82.333333333,8.485281374,91.0,65.0,0,0,0,0,1,0.0,1,1,1,3,2
UBCV,2018,S,ENDS,482,H,OVERALL,Special Topics,,9,82.333333333,8.485281374,91.0,65.0,0,0,0,0,1,0.0,1,1,1,3,2
UBCV,2018,S,ENDS,482,N,001,Special Topics,Mari Fujita,12,82.916666667,10.629789473,90.0,50.0,0,1,0,0,0,0.0,0,0,5,5,1
UBCV,2018,S,ENDS,482,N,OVERALL,Special Topics,,12,82.916666667,10.629789473,90.0,50.0,0,1,0,0,0,0.0,0,0,5,5,1
