Campus,Year,Session,Subject,Course,Detail,Section,Title,Professor,Enrolled,Avg,Std dev,High,Low,<50,50-54,55-59,60-63,64-67,68-71,72-75,76-79,80-84,85-89,90-100
UBCV,2018,S,SPHA,532,,901,Health Economics,Stirling Bryan,28,83.357142857,3.870250118,89.0,73.0,0,0,0,0,0,0.0,1,3,13,11,0
UBCV,2018,S,SPHA,532,,OVERALL,Health Economics,,28,83.357142857,3.870250118,89.0,73.0,0,0,0,0,0,0.0,1,3,13,11,0
UBCV,2018,S,SPHA,544,,901,Health Information Systems,Jeffrey Barnett,28,80.857142857,5.161928191,88.0,64.0,0,0,0,0,1,0.0,3,4,12,8,0
UBCV,2018,S,SPHA,544,,OVERALL,Health Information Systems,,28,80.857142857,5.161928191,88.0,64.0,0,0,0,0,1,0.0,3,4,12,8,0
UBCV,2018,S,SPHA,561,,901,Strategic Management,Perdip Atwal,30,86.966666667,3.97824544,92.0,80.0,0,0,0,0,0,0.0,0,0,8,12,10
UBCV,2018,S,SPHA,561,,OVERALL,Strategic Management,,30,86.966666667,3.97824544,92.0,80.0,0,0,0,0,0,0.0,0,0,8,12,10
UBCV,2018,S,SPHA,564,,901,Leadership and Management Skills,Howard Waldner,30,86.566666667,4.438727166,96.0,76.0,0,0,0,0,0,0.0,0,3,6,15,6
UBCV,2018,S,SPHA,564,,OVERALL,Leadership and Management Skills,,30,86.566666667,4.438727166,96.0,76.0,0,0,0,0,0,0.0,0,3,6,15,6
