Campus,Year,Session,Subject,Course,Detail,Section,Title,Professor,Enrolled,Avg,Std dev,High,Low,<50,50-54,55-59,60-63,64-67,68-71,72-75,76-79,80-84,85-89,90-100
UBCV,2017,S,BAHR,505,,DD1,Leadership,Wayne Rawcliffe,52,86.673076923,3.473830196,94.0,77.0,0,0,0,0,0,0,0,2,10,29,11
UBCV,2017,S,BAHR,505,,OVERALL,Leadership,,52,86.673076923,3.473830196,94.0,77.0,0,0,0,0,0,0,0,2,10,29,11
UBCV,2017,S,BAHR,516,,DD1,Leading Teams,Wayne Rawcliffe,52,80.923076923,2.603513116,88.0,75.0,0,0,0,0,0,0,1,13,36,2,0
UBCV,2017,S,BAHR,516,,OVERALL,Leading Teams,,52,80.923076923,2.603513116,88.0,75.0,0,0,0,0,0,0,1,13,36,2,0
