Campus,Year,Session,Subject,Course,Detail,Section,Title,Professor,Enrolled,Avg,Std dev,High,Low,<50,50-54,55-59,60-63,64-67,68-71,72-75,76-79,80-84,85-89,90-100
UBCV,2017,S,GERM,100,,921,Beginners' German I,Uma Kumar,17,82.529411765,11.225627193,95.0,56.0,0,0,1,1,0.0,1,1,1,2,3,7
UBCV,2017,S,GERM,100,,923,Beginners' German I,Florian Faller,20,81.15,13.271556447,97.0,60.0,0,0,0,2,2.0,2,2,1,1,2,8
UBCV,2017,S,GERM,100,,OVERALL,Beginners' German I,,37,81.783783784,12.225054272,97.0,56.0,0,0,1,3,2.0,3,3,2,3,5,15
UBCV,2017,S,GERM,110,,921,Beginners' German II,Sara Pashan,17,84.235294118,9.093468891,97.0,61.0,0,0,0,1,0.0,0,2,1,3,5,5
UBCV,2017,S,GERM,110,,OVERALL,Beginners' German II,,17,84.235294118,9.093468891,97.0,61.0,0,0,0,1,0.0,0,2,1,3,5,5
UBCV,2017,S,GERM,112,,001,German for Singers,Gela Struch,9,81.555555556,7.05533683,93.0,69.0,0,0,0,0,0.0,1,0,1,5,0,2
UBCV,2017,S,GERM,112,,OVERALL,German for Singers,,9,81.555555556,7.05533683,93.0,69.0,0,0,0,0,0.0,1,0,1,5,0,2
UBCV,2017,S,GERM,433,,921,German for Reading Knowledge I,Adelheid O'Brien,54,80.462962963,9.984351838,97.0,60.0,0,0,0,2,6.0,3,6,5,12,9,11
UBCV,2017,S,GERM,433,,OVERALL,German for Reading Knowledge I,,54,80.462962963,9.984351838,97.0,60.0,0,0,0,2,6.0,3,6,5,12,9,11
