Campus,Year,Session,Subject,Course,Detail,Section,Title,Professor,Enrolled,Avg,Std dev,High,Low,<50,50-54,55-59,60-63,64-67,68-71,72-75,76-79,80-84,85-89,90-100
UBCV,2017,S,BAMA,503,,301,New Product Development,Timothy Silk,44,83.318181818,2.576934606,90.0,78.0,0,0,0,0,0.0,0,0,2.0,25,16,1
UBCV,2017,S,BAMA,503,,OVERALL,New Product Development,,44,83.318181818,2.576934606,90.0,78.0,0,0,0,0,0.0,0,0,2.0,25,16,1
UBCV,2017,S,BAMA,508,,816,Marketing Research,Yanwen Wang;Yi Qian,30,85.3,3.59261695,92.0,73.0,0,0,0,0,0.0,0,1,0.0,12,14,3
UBCV,2017,S,BAMA,508,,DD1,Marketing Research,Cluny Serenella South;Cluny South;Hyo Eun Ahn,52,80.0,5.523568043,89.0,63.0,0,0,0,1,0.0,5,4,15.0,16,11,0
UBCV,2017,S,BAMA,508,,OVERALL,Marketing Research,,82,81.93902439,5.516188434,92.0,63.0,0,0,0,1,0.0,5,5,15.0,28,25,3
UBCV,2017,S,BAMA,550,,300,Marketing,Timothy Silk,34,81.647058824,4.498365716,88.0,69.0,0,0,0,0,0.0,1,3,4.0,15,11,0
UBCV,2017,S,BAMA,550,,817,Marketing,Timothy Silk,26,80.192307692,4.552091658,88.0,72.0,0,0,0,0,0.0,0,6,6.0,9,5,0
UBCV,2017,S,BAMA,550,,OVERALL,Marketing,,60,81.016666667,4.541677681,88.0,69.0,0,0,0,0,0.0,1,9,10.0,24,16,0
