Campus,Year,Session,Subject,Course,Detail,Section,Title,Professor,Enrolled,Avg,Std dev,High,Low,<50,50-54,55-59,60-63,64-67,68-71,72-75,76-79,80-84,85-89,90-100
UBCV,2019,S,KORN,102,,921,Basic Korean,Jeong Hye Son,22,75.54545455,18.6642701,93.0,9.0,1,0,3.0,0,2,0,2,1,4,6,3
UBCV,2019,S,KORN,102,,951,Basic Korean,Insun Lee,14,76.28571429,14.00784709,99.0,50.0,0,1,0.0,2,1,1,2,1,1,3,2
UBCV,2019,S,KORN,102,,952,Basic Korean,Eun-Seon Kim,13,78.07692308,10.16908336,93.0,63.0,0,0,0.0,1,1,1,3,1,2,2,2
UBCV,2019,S,KORN,102,,OVERALL,Basic Korean,,49,76.42857143,15.24795068,99.0,9.0,1,1,3.0,3,4,2,7,3,7,11,7
