Campus,Year,Session,Subject,Course,Detail,Section,Title,Professor,Enrolled,Avg,Std dev,High,Low,<50,50-54,55-59,60-63,64-67,68-71,72-75,76-79,80-84,85-89,90-100
UBCO,2020,W,KORN,100,,001,Basic Korean I,Meilan Ehlert,22,69.181818182,24.872314622,97.0,0.0,3,0,2,1,1,4,1,3,1,0,6
UBCO,2020,W,KORN,100,,OVERALL,Basic Korean I,,22,69.181818182,24.872314622,97.0,0.0,3,0,2,1,1,4,1,3,1,0,6
UBCO,2020,W,KORN,101,,001,Basic Korean II,Meilan Ehlert,9,85.222222222,11.976829482,99.0,57.0,0,0,1,0,0,0,0,0,3,1,4
UBCO,2020,W,KORN,101,,OVERALL,Basic Korean II,,9,85.222222222,11.976829482,99.0,57.0,0,0,1,0,0,0,0,0,3,1,4
