Campus,Year,Session,Subject,Course,Detail,Section,Title,Professor,Enrolled,Avg,Std dev,High,Low,<50,50-54,55-59,60-63,64-67,68-71,72-75,76-79,80-84,85-89,90-100
UBCO,2016,W,ASTR,110,,001,Astrophysics I,Daniel Vollick,12,73.41666667,10.79948091,90.0,55.0,0,0,1,2,0.0,2,1.0,2,2,1,1
UBCO,2016,W,ASTR,110,,OVERALL,Astrophysics I,,12,73.41666667,10.79948091,90.0,55.0,0,0,1,2,0.0,2,1.0,2,2,1,1
UBCO,2016,W,ASTR,111,,001,Astronomy I,Daniel Vollick,31,61.29032258,15.82444006,85.0,24.0,6,4,3,1,4.0,4,0.0,5,3,1,0
UBCO,2016,W,ASTR,111,,OVERALL,Astronomy I,,31,61.29032258,15.82444006,85.0,24.0,6,4,3,1,4.0,4,0.0,5,3,1,0
UBCO,2016,W,ASTR,112,,001,Astronomy I (Non Lab),Daniel Vollick,50,64.66,16.19096498,95.0,23.0,6,6,8,4,6.0,2,3.0,5,1,5,4
UBCO,2016,W,ASTR,112,,OVERALL,Astronomy I (Non Lab),,50,64.66,16.19096498,95.0,23.0,6,6,8,4,6.0,2,3.0,5,1,5,4
