Campus,Year,Session,Subject,Course,Detail,Section,Title,Professor,Enrolled,Avg,Std dev,High,Low,<50,50-54,55-59,60-63,64-67,68-71,72-75,76-79,80-84,85-89,90-100
UBCV,2017,W,URST,200,,101,Cities,Elvin Wyly,96,72.78125,11.796701702,93.0,27.0,,6,,,8,11,14,17,23,6,
UBCV,2017,W,URST,200,,OVERALL,Cities,,96,72.78125,11.796701702,93.0,27.0,,6,,,8,11,14,17,23,6,
UBCV,2017,W,URST,400,,201,Seminar in Urban Studies,Elvin Wyly,34,82.38235294100001,4.431394238999999,88.0,71.0,,,,,,,,5,13,13,
UBCV,2017,W,URST,400,,OVERALL,Seminar in Urban Studies,,34,82.38235294100001,4.431394238999999,88.0,71.0,,,,,,,,5,13,13,
