Campus,Year,Session,Subject,Course,Detail,Section,Title,Professor,Enrolled,Avg,Std dev,High,Low,<50,50-54,55-59,60-63,64-67,68-71,72-75,76-79,80-84,85-89,90-100
UBCV,2014,S,PHTH,538,,001,Case-based Integration II,,78,85.26923077,4.008669426,93.0,75.0,0,0,0,0,0,0,1.0,5,28,32,12
UBCV,2014,S,PHTH,538,,OVERALL,Case-based Integration II,,78,85.26923077,4.008669426,93.0,75.0,0,0,0,0,0,0,1.0,5,28,32,12
UBCV,2014,S,PHTH,546,,921,Clinical Decision-Making III,,79,90.59493671,2.880166427,95.0,86.0,0,0,0,0,0,0,0,0,0,32,47
UBCV,2014,S,PHTH,546,,OVERALL,Clinical Decision-Making III,,79,90.59493671,2.880166427,95.0,86.0,0,0,0,0,0,0,0,0,0,32,47
UBCV,2014,S,PHTH,558,,001,Case-Based Integration IV,,81,87.7037037,7.239551858,98.0,68.0,0,0,0,0,0,,,6,13,22,35
UBCV,2014,S,PHTH,558,,OVERALL,Case-Based Integration IV,,81,87.7037037,7.239551858,98.0,68.0,0,0,0,0,0,,,6,13,22,35
UBCV,2014,S,PHTH,572,,001,Rehabilitation Research II,,81,87.59259259,3.545341231,92.0,79.0,0,0,0,0,0,0,0,5,6,35,35
UBCV,2014,S,PHTH,572,,OVERALL,Rehabilitation Research II,,81,87.59259259,3.545341231,92.0,79.0,0,0,0,0,0,0,0,5,6,35,35
